{
  "head_only_1pct": {
    "method": "head_only_1pct",
    "train_samples": 35500,
    "val_samples": 5000,
    "epochs": 2,
    "trainable_params": 592130,
    "trainable_pct": 0.8843699672362083,
    "train_time_sec": 109.23688626289368,
    "peak_gpu_mem_mb": 978.54296875,
    "eval_accuracy": 0.8778,
    "eval_f1_macro": 0.8775431295703119,
    "eval_loss": 0.284946084022522
  },
  "lora_r4_1pct": {
    "method": "lora_qv_r4_1pct",
    "rank": 4,
    "train_samples": 35500,
    "val_samples": 5000,
    "epochs": 2,
    "trainable_params": 665858,
    "trainable_pct": 0.9846930684178736,
    "train_time_sec": 194.16299319267273,
    "peak_gpu_mem_mb": 2837.275390625,
    "eval_accuracy": 0.9384,
    "eval_f1_macro": 0.9383608566784251,
    "eval_loss": 0.16501633822917938
  },
  "lora_r8_1pct": {
    "method": "lora_qv_r8_1pct",
    "rank": 8,
    "train_samples": 35500,
    "val_samples": 5000,
    "epochs": 2,
    "trainable_params": 739586,
    "trainable_pct": 1.0925332946813067,
    "train_time_sec": 206.88775968551636,
    "peak_gpu_mem_mb": 1784.86962890625,
    "eval_accuracy": 0.9406,
    "eval_f1_macro": 0.940572784712487,
    "eval_loss": 0.1611659675836563
  },
  "lora_r16_1pct": {
    "method": "lora_qv_r16_1pct",
    "rank": 16,
    "train_samples": 35500,
    "val_samples": 5000,
    "epochs": 2,
    "trainable_params": 887042,
    "trainable_pct": 1.307510568813573,
    "train_time_sec": 193.6422896385193,
    "peak_gpu_mem_mb": 2849.103515625,
    "eval_accuracy": 0.942,
    "eval_f1_macro": 0.9419698335982978,
    "eval_loss": 0.1616228073835373
  },
  "full_ft_1pct": {
    "method": "full_ft_1pct",
    "train_samples": 35500,
    "val_samples": 5000,
    "epochs": 2,
    "trainable_params": 66955010,
    "trainable_pct": 100.0,
    "train_time_sec": 359.16053080558777,
    "peak_gpu_mem_mb": 2382.86328125,
    "eval_accuracy": 0.9436,
    "eval_f1_macro": 0.9435594621480932,
    "eval_loss": 0.20257477462291718
  },
  "head_only_5pct": {
    "method": "head_only_5pct",
    "train_samples": 177500,
    "val_samples": 5000,
    "epochs": 2,
    "trainable_params": 592130,
    "trainable_pct": 0.8843699672362083,
    "train_time_sec": 514.3121099472046,
    "peak_gpu_mem_mb": 2299.85888671875,
    "eval_accuracy": 0.8884,
    "eval_f1_macro": 0.8882646840629876,
    "eval_loss": 0.2636899948120117
  },
  "lora_r4_5pct": {
    "method": "lora_qv_r4_5pct",
    "rank": 4,
    "train_samples": 177500,
    "val_samples": 5000,
    "epochs": 2,
    "trainable_params": 665858,
    "trainable_pct": 0.9846930684178736,
    "train_time_sec": 931.6001944541931,
    "peak_gpu_mem_mb": 3114.044921875,
    "eval_accuracy": 0.9504,
    "eval_f1_macro": 0.9503751002102815,
    "eval_loss": 0.13840357959270477
  },
  "lora_r8_5pct": {
    "method": "lora_qv_r8_5pct",
    "rank": 8,
    "train_samples": 177500,
    "val_samples": 5000,
    "epochs": 2,
    "trainable_params": 739586,
    "trainable_pct": 1.0925332946813067,
    "train_time_sec": 921.0695841312408,
    "peak_gpu_mem_mb": 3114.654296875,
    "eval_accuracy": 0.9524,
    "eval_f1_macro": 0.9523752427461891,
    "eval_loss": 0.13541516661643982
  },
  "lora_r16_5pct": {
    "method": "lora_qv_r16_5pct",
    "rank": 16,
    "train_samples": 177500,
    "val_samples": 5000,
    "epochs": 2,
    "trainable_params": 887042,
    "trainable_pct": 1.307510568813573,
    "train_time_sec": 919.7007164955139,
    "peak_gpu_mem_mb": 3103.873046875,
    "eval_accuracy": 0.9484,
    "eval_f1_macro": 0.9483759142665602,
    "eval_loss": 0.13899922370910645
  },
  "full_ft_5pct": {
    "method": "full_ft_5pct",
    "train_samples": 177500,
    "val_samples": 5000,
    "epochs": 2,
    "trainable_params": 66955010,
    "trainable_pct": 100.0,
    "train_time_sec": 1920.6344532966614,
    "peak_gpu_mem_mb": 3247.91162109375,
    "eval_accuracy": 0.9558,
    "eval_f1_macro": 0.9557797488938033,
    "eval_loss": 0.18850620090961456
  },
  "head_only_10pct": {
    "method": "head_only_10pct",
    "train_samples": 355000,
    "val_samples": 5000,
    "epochs": 2,
    "trainable_params": 592130,
    "trainable_pct": 0.8843699672362083,
    "train_time_sec": 888.6007678508759,
    "peak_gpu_mem_mb": 3346.53271484375,
    "eval_accuracy": 0.8956,
    "eval_f1_macro": 0.895495646132402,
    "eval_loss": 0.25286945700645447
  },
  "lora_r4_10pct": {
    "method": "lora_qv_r4_10pct",
    "rank": 4,
    "train_samples": 355000,
    "val_samples": 5000,
    "epochs": 2,
    "trainable_params": 665858,
    "trainable_pct": 0.9846930684178736,
    "train_time_sec": 1826.670735836029,
    "peak_gpu_mem_mb": 4144.8515625,
    "eval_accuracy": 0.9544,
    "eval_f1_macro": 0.9543745884707947,
    "eval_loss": 0.1271635890007019
  },
  "lora_r8_10pct": {
    "method": "lora_qv_r8_10pct",
    "rank": 8,
    "train_samples": 355000,
    "val_samples": 5000,
    "epochs": 2,
    "trainable_params": 739586,
    "trainable_pct": 1.0925332946813067,
    "train_time_sec": 1829.4238040447235,
    "peak_gpu_mem_mb": 4158.9609375,
    "eval_accuracy": 0.9546,
    "eval_f1_macro": 0.9545767996461874,
    "eval_loss": 0.12439071387052536
  },
  "lora_r16_10pct": {
    "method": "lora_qv_r16_10pct",
    "rank": 16,
    "train_samples": 355000,
    "val_samples": 5000,
    "epochs": 2,
    "trainable_params": 887042,
    "trainable_pct": 1.307510568813573,
    "train_time_sec": 1829.3342208862305,
    "peak_gpu_mem_mb": 4160.4296875,
    "eval_accuracy": 0.9552,
    "eval_f1_macro": 0.9551798560344962,
    "eval_loss": 0.12594208121299744
  },
  "full_ft_10pct": {
    "method": "full_ft_10pct",
    "train_samples": 355000,
    "val_samples": 5000,
    "epochs": 2,
    "trainable_params": 66955010,
    "trainable_pct": 100.0,
    "train_time_sec": 6444.420294046402,
    "peak_gpu_mem_mb": 4218.4833984375,
    "eval_accuracy": 0.9572,
    "eval_f1_macro": 0.9571821809364185,
    "eval_loss": 0.21741747856140137
  },
  "head_only_100pct": {
      "method": "head_only_100pct",
      "train_samples": 3550000,
      "val_samples": 5000,
      "epochs": 2,
      "trainable_params": 592130,
      "trainable_pct": 0.8843699672362083,
      "train_time_sec": 1978.750655889511,
      "peak_gpu_mem_mb": 495.2744140625,
      "eval_accuracy": 0.8994,
      "eval_f1_macro": 0.8993057138982657,
      "eval_loss": 0.23508329689502716
  },
  "lora_r4_100pct": {
    "method": "lora_qv_r4_100pct",
    "rank": 4,
    "train_samples": 3550000,
    "val_samples": 5000,
    "epochs": 2,
    "trainable_params": 665858,
    "trainable_pct": 0.9846930684178736,
    "train_time_sec": 3674.5613131523132,
    "peak_gpu_mem_mb": 1038.71435546875,
    "eval_accuracy": 0.9622,
    "eval_f1_macro": 0.9621748220485484,
    "eval_loss": 0.10651983320713043
  },
  "lora_r8_100pct": {
    "method": "lora_qv_r8_100pct",
    "rank": 8,
    "train_samples": 3550000,
    "val_samples": 5000,
    "epochs": 2,
    "trainable_params": 739586,
    "trainable_pct": 1.0925332946813067,
    "train_time_sec": 3714.505175590515,
    "peak_gpu_mem_mb": 1047.07373046875,
    "eval_accuracy": 0.96,
    "eval_f1_macro": 0.9599737684088645,
    "eval_loss": 0.10574690997600555
  },
  "lora_r16_100pct": {
    "method": "lora_qv_r16_100pct",
    "rank": 16,
    "train_samples": 3550000,
    "val_samples": 5000,
    "epochs": 2,
    "trainable_params": 887042,
    "trainable_pct": 1.307510568813573,
    "train_time_sec": 3717.3864884376526,
    "peak_gpu_mem_mb": 1046.79248046875,
    "eval_accuracy": 0.956,
    "eval_f1_macro": 0.9559746413934427,
    "eval_loss": 0.12746259570121765
  },
  "full_ft_100pct": {
    "method": "full_ft_100pct",
    "train_samples": 3550000,
    "val_samples": 5000,
    "epochs": 2,
    "trainable_params": 66955010,
    "trainable_pct": 100.0,
    "train_time_sec": 23177.63486099243,
    "peak_gpu_mem_mb": 1100.09619140625,
    "eval_accuracy": 0.9642,
    "eval_f1_macro": 0.9641803866124935,
    "eval_loss": 0.1789955049753189
  }
}
